{"model":"HelperNetV3","specific_weights":"synthetic_real","epochs":[[1,2,3,4,5,6,7,8,9,10,11,12,13,14,15,16,17,18,19,20,21,22,23,24,25,26,27,28,29,30,31,32,33,34,35,36,37,38,39,40,41,42,43,44,45,46,47,48,49,50,51,52,53,54,55,56,57,58,59,60,61,62,63,64,65,66,67,68,69,70,71,72,73,74,75,76,77,78,79,80,81,82,83,84,85,86,87,88,89,90,91,92,93,94,95,96,97,98,99,100]],"saved":[[1,2,3,4,5,6,7,8,9,10,11,12,13,15,16,17,19,20,21,24,25,44,53,63,87,100]],"loss":[[76.58707427978516,38.175506591796875,14.821011543273926,5.341566562652588,2.726957321166992,2.007456064224243,1.7495867013931274,1.5612123012542725,1.4459973573684692,1.3264390230178833,1.2526479959487915,1.1933201551437378,1.1091277599334717,1.032339334487915,0.9759116172790527,0.9259183406829834,0.8966168165206909,0.8351346850395203,0.8237763047218323,0.7646488547325134,0.7454383373260498,0.7101744413375854,0.6987283229827881,0.6477631330490112,0.6383854746818542,0.6252873539924622,0.6052008867263794,0.624052882194519,0.6071822047233582,0.5607170462608337,0.5427734851837158,0.5066494345664978,0.54056316614151,0.5006797313690186,0.4943823516368866,0.4824812710285187,0.4780493378639221,0.4548098146915436,0.45214366912841797,0.43861228227615356,0.44447362422943115,0.4236215054988861,0.4222709536552429,0.40108969807624817,0.4031811058521271,0.393900603055954,0.3703398108482361,0.4013371467590332,0.3681873381137848,0.40147385001182556,0.36169198155403137,0.34717416763305664,0.40523427724838257,0.37179604172706604,0.3348354399204254,0.3273020088672638,0.346813827753067,0.3303191363811493,0.33371973037719727,0.3201056122779846,0.3310675323009491,0.3135475814342499,0.30326277017593384,0.30554622411727905,0.29515203833580017,0.29738909006118774,0.2983580231666565,0.2917191982269287,0.29595932364463806,0.29654428362846375,0.27235934138298035,0.2810247838497162,0.27400028705596924,0.2707889676094055,0.2639319896697998,0.267993301153183,0.270882248878479,0.25226566195487976,0.25250548124313354,0.2574172019958496,0.2510610818862915,0.2503822445869446,0.2550588846206665,0.2500241696834564,0.24218858778476715,0.2471851110458374,0.23234939575195312,0.23815369606018066,0.23193663358688354,0.23056745529174805,0.23701900243759155,0.23036321997642517,0.24845139682292938,0.22136572003364563,0.2261827141046524,0.21448856592178345,0.23297035694122314,0.21304219961166382,0.2204754501581192,0.21550948917865753]],"acc_train":[[91.43414306640625,99.28311157226562,99.35289001464844,99.47132110595703,99.54068756103516,99.61660766601562,99.65453338623047,99.68456268310547,99.70549774169922,99.7245101928711,99.73685455322266,99.74862670898438,99.76321411132812,99.7778549194336,99.78606414794922,99.79924774169922,99.7994384765625,99.81565856933594,99.81410217285156,99.82627868652344,99.82968139648438,99.83615112304688,99.8365478515625,99.8470230102539,99.84913635253906,99.85347747802734,99.85607147216797,99.85216522216797,99.85613250732422,99.86431884765625,99.86981201171875,99.8757095336914,99.8712158203125,99.87672424316406,99.87840270996094,99.88037872314453,99.8803482055664,99.88626861572266,99.88543701171875,99.8890609741211,99.88813018798828,99.89279174804688,99.89295959472656,99.89663696289062,99.89750671386719,99.89897155761719,99.90276336669922,99.89678955078125,99.90323638916016,99.89791870117188,99.90483856201172,99.90767669677734,99.89867401123047,99.90464782714844,99.91077423095703,99.91150665283203,99.9094467163086,99.91173553466797,99.91248321533203,99.91349792480469,99.912109375,99.91545104980469,99.91766357421875,99.91765594482422,99.91918182373047,99.9190902709961,99.9193344116211,99.92019653320312,99.91925048828125,99.91970825195312,99.92412567138672,99.9228515625,99.92398834228516,99.92538452148438,99.92644500732422,99.92501831054688,99.92491912841797,99.92868041992188,99.92871856689453,99.92717742919922,99.92935943603516,99.92900848388672,99.92822265625,99.93006134033203,99.93121337890625,99.93151092529297,99.93348693847656,99.93211364746094,99.93363189697266,99.93406677246094,99.93309783935547,99.9346923828125,99.930908203125,99.93626403808594,99.93513488769531,99.93768310546875,99.9349136352539,99.93834686279297,99.93672180175781,99.93816375732422]],"acc_valid":[[99.22261047363281,99.31499481201172,99.34050750732422,99.51714324951172,99.66373443603516,99.7206802368164,99.7458724975586,99.75139617919922,99.77157592773438,99.78020477294922,99.78290557861328,99.78862762451172,99.7933349609375,99.78546142578125,99.80154418945312,99.80289459228516,99.80633544921875,99.80028533935547,99.81069946289062,99.8138198852539,99.81578826904297,99.81098937988281,99.80780029296875,99.819580078125,99.83152770996094,99.8209457397461,99.81302642822266,99.76759338378906,99.81366729736328,99.82064056396484,99.81497192382812,99.82076263427734,99.80300903320312,99.83059692382812,99.81436920166016,99.82129669189453,99.81971740722656,99.82544708251953,99.81986236572266,99.82781982421875,99.82706451416016,99.83137512207031,99.82546997070312,99.83265686035156,99.8092269897461,99.82537841796875,99.8324203491211,99.82872009277344,99.81709289550781,99.83157348632812,99.83175659179688,99.83055877685547,99.83692169189453,99.83306884765625,99.83289337158203,99.83106994628906,99.82854461669922,99.82933044433594,99.82720947265625,99.8340835571289,99.83401489257812,99.83427429199219,99.83772277832031,99.8341064453125,99.8344955444336,99.83706665039062,99.82818603515625,99.83570861816406,99.81230163574219,99.8302993774414,99.83333587646484,99.8306884765625,99.83763122558594,99.82998657226562,99.83489227294922,99.82804870605469,99.83731079101562,99.83592987060547,99.83494567871094,99.83755493164062,99.83367919921875,99.83354949951172,99.82552337646484,99.83390045166016,99.83018493652344,99.83069610595703,99.83840942382812,99.82516479492188,99.83660888671875,99.83506774902344,99.8316879272461,99.83789825439453,99.83650970458984,99.83028411865234,99.83038330078125,99.83377838134766,99.83164978027344,99.82328796386719,99.83366394042969,99.82798767089844]],"best":99.83840942382812,"time":[[0.73,0.62,1.04,1.22,1.19,1.27,1.25,1.39,1.39,1.2,1.11,1.47,1.76,1.6,1.78,1.67,1.7,1.41,1.45,1.67,1.62,1.81,1.78,2.15,1.96,1.76,1.88,1.72,1.79,2.1,2.27,1.84,2.03,2.18,2.11,2.02,2.18,1.88,2.04,2.19,2.03,1.97,2.16,2.02,2.01,1.85,2.16,1.8,1.97,1.83,2.04,1.98,1.53,2.01,1.91,1.9,2.05,1.85,2.15,1.87,1.89,1.74,2.03,1.82,1.93,2.06,1.95,2.23,1.78,2.01,1.73,1.76,2.18,2.37,1.96,2.36,1.97,1.76,1.8,2.4,2.26,2.06,1.66,2.11,1.74,1.86,1.96,1.94,2.11,1.97,1.84,1.92,1.93,2.01,2.07,1.68,1.86,2.03,2.04,2.02]],"date":"14_04_2021__19_00_07"}