{"model":"HelperNetV1","specific_weights":"synthetic_real","epochs":[[1,2,3,4,5,6,7,8,9,10,11,12,13,14,15,16,17,18,19,20,21,22,23,24,25,26,27,28,29,30,31,32,33,34,35,36,37,38,39,40,41,42,43,44,45,46,47,48,49,50,51,52,53,54,55,56,57,58,59,60,61,62,63,64,65,66,67,68,69,70,71,72,73,74,75,76,77,78,79,80,81,82,83,84,85,86,87,88,89,90,91,92,93,94,95,96,97,98,99,100]],"saved":[[1,14,15,16,17,18,19,20,21,22,23,29,31,33,34,38,39,45,57,58,62,68,69,100]],"loss":[[189.23373413085938,94.35610961914062,29.918228149414062,9.896308898925781,7.5601487159729,7.419347286224365,7.374967575073242,7.3690876960754395,7.370753288269043,7.372720718383789,7.385760307312012,7.332758903503418,5.869579315185547,4.736623764038086,3.715296506881714,3.359290599822998,3.136011838912964,2.9556689262390137,2.8017756938934326,2.668473482131958,2.56730580329895,2.4675631523132324,2.3948214054107666,2.30204701423645,2.238955020904541,2.1872341632843018,2.107304811477661,2.0699150562286377,2.0300941467285156,1.9686986207962036,1.9266588687896729,1.8844456672668457,1.8195217847824097,1.822338581085205,1.7866566181182861,1.7333916425704956,1.697590708732605,1.6736085414886475,1.6555967330932617,1.592862844467163,1.575725793838501,1.5497020483016968,1.50144362449646,1.480270504951477,1.4584792852401733,1.444244146347046,1.4344768524169922,1.4173297882080078,1.3971134424209595,1.3649204969406128,1.3197312355041504,1.2781124114990234,1.2892733812332153,1.2721998691558838,1.2473801374435425,1.2132488489151,1.2528935670852661,1.1823638677597046,1.158249020576477,1.2086365222930908,1.121115803718567,1.1411635875701904,1.0992047786712646,1.1373884677886963,1.0735914707183838,1.078162431716919,1.0668500661849976,1.044232964515686,1.0245342254638672,1.027464509010315,1.0455807447433472,0.9916582107543945,0.9821507334709167,0.9672805070877075,0.9587664008140564,0.9453437924385071,0.9851064682006836,0.9332412481307983,0.9100010395050049,0.9019668698310852,0.9114969968795776,0.9113619327545166,0.8897941708564758,0.9251007437705994,0.8763653039932251,0.8861603140830994,0.8540037870407104,0.8272350430488586,0.8356054425239563,0.8204001188278198,0.8398219347000122,0.8377816081047058,0.8025924563407898,0.8077073097229004,0.8131127953529358,0.7832887768745422,0.8139439821243286,0.7790650725364685,0.8056176900863647,0.7696226835250854]],"acc_train":[[79.9447250366211,99.13810729980469,99.2762680053711,99.28472900390625,99.28482818603516,99.28482055664062,99.28478240966797,99.28482055664062,99.28451538085938,99.2846908569336,99.28406524658203,99.27668762207031,99.26229095458984,99.31776428222656,99.38195037841797,99.40750885009766,99.4295883178711,99.44766998291016,99.46491241455078,99.47944641113281,99.48973846435547,99.50143432617188,99.51045989990234,99.5243911743164,99.5313949584961,99.53960418701172,99.54886627197266,99.5560073852539,99.5632553100586,99.57481384277344,99.58198547363281,99.58863067626953,99.60090637207031,99.6048355102539,99.61296081542969,99.61946868896484,99.62921905517578,99.63418579101562,99.63916778564453,99.64707946777344,99.65388488769531,99.65705871582031,99.66677856445312,99.671630859375,99.67670440673828,99.68221282958984,99.68370056152344,99.68921661376953,99.69328308105469,99.69737243652344,99.70954895019531,99.71497344970703,99.71543884277344,99.71873474121094,99.72437286376953,99.7313232421875,99.72688293457031,99.74049377441406,99.74323272705078,99.7318344116211,99.75110626220703,99.75099182128906,99.75508117675781,99.75118255615234,99.7645263671875,99.7646484375,99.7660903930664,99.76846313476562,99.77379608154297,99.77008056640625,99.77066040039062,99.77985382080078,99.78314971923828,99.7870864868164,99.78703308105469,99.789794921875,99.78487396240234,99.79066467285156,99.79521942138672,99.79557037353516,99.79988098144531,99.7989501953125,99.80139923095703,99.79720306396484,99.80406188964844,99.79949951171875,99.80757141113281,99.81342315673828,99.80988311767578,99.81336975097656,99.81202697753906,99.80956268310547,99.81884765625,99.81843566894531,99.81361389160156,99.81998443603516,99.81777954101562,99.82202911376953,99.81954956054688,99.82194519042969]],"acc_valid":[[99.30211639404297,94.8698501586914,97.11429595947266,99.30206298828125,99.30211639404297,99.30211639404297,99.30187225341797,99.302001953125,99.30085754394531,99.30155181884766,99.301025390625,99.23404693603516,99.27107238769531,99.32026672363281,99.41935729980469,99.45852661132812,99.48493194580078,99.50592803955078,99.51300048828125,99.5230712890625,99.52715301513672,99.52803039550781,99.53272247314453,99.5315170288086,99.52445983886719,99.52113342285156,99.51822662353516,99.44670104980469,99.5510482788086,99.49024200439453,99.55255126953125,99.53663635253906,99.57991027832031,99.58026123046875,99.25354766845703,99.5107650756836,99.067626953125,99.59193420410156,99.60800170898438,99.18086242675781,99.60108947753906,99.60484313964844,99.51544189453125,99.26325988769531,99.61026000976562,99.56187438964844,99.46613311767578,99.6071548461914,98.68841552734375,99.60298156738281,99.59970092773438,99.52739715576172,99.6017837524414,99.11145782470703,99.5456771850586,99.60990905761719,99.612060546875,99.61272430419922,99.61257934570312,99.59649658203125,99.58120727539062,99.61381530761719,99.43630981445312,99.5800552368164,99.60877227783203,99.57792663574219,99.60859680175781,99.6146469116211,99.62126922607422,99.54690551757812,99.61444091796875,99.55682373046875,99.57393646240234,99.59966278076172,99.61675262451172,99.6170654296875,99.61100769042969,99.5836181640625,99.60033416748047,99.56281280517578,99.60382843017578,99.6050033569336,99.59663391113281,99.59095764160156,99.61875915527344,99.59507751464844,99.60832977294922,99.5931167602539,99.60909271240234,99.61177825927734,99.59252166748047,99.60433197021484,99.60587310791016,99.59862518310547,99.6155776977539,99.5683364868164,99.60592651367188,99.6035385131836,99.60916900634766,99.60990905761719]],"best":99.62126922607422,"time":[[0.9,0.74,0.75,0.71,0.73,0.74,0.71,0.7,0.7,0.71,0.74,0.75,0.74,0.75,0.74,0.74,0.74,0.75,0.75,0.7,0.72,0.72,0.73,0.72,0.73,0.73,0.74,0.74,0.74,0.73,0.73,0.73,0.75,0.76,0.74,0.73,0.72,0.73,0.72,0.73,0.74,0.72,0.77,0.75,0.75,0.75,0.76,0.76,0.78,0.79,0.76,0.77,0.77,0.76,0.78,0.81,0.77,0.75,0.74,0.75,0.75,0.76,0.75,0.73,0.81,0.76,0.77,0.74,0.75,0.83,0.75,0.75,0.75,0.75,0.77,0.76,0.96,0.78,0.76,0.76,0.76,0.76,0.79,0.76,0.76,0.76,0.78,0.76,0.75,0.76,0.76,0.86,0.76,0.79,0.79,0.76,0.79,0.85,0.78,0.77]],"date":"14_04_2021__11_52_07"}