{"model":"MgNet_0_yuv_c","specific_weights":"synthetic_real_yuv_c","epochs":[[1,2,3,4,5,6,7,8,9,10,11,12,13,14,15,16,17,18,19,20,21,22,23,24,25,26,27,28,29,30,31,32,33,34,35,36,37,38,39,40,41,42,43,44,45,46,47,48,49,50,51,52,53,54,55,56,57,58]],"saved":[[]],"loss":[[91.32103729248047,7.110199451446533,5.627883434295654,5.031346797943115,4.563022136688232,4.221378803253174,3.956998109817505,3.760117292404175,3.603163719177246,3.4598891735076904,3.3429791927337646,3.234786033630371,3.1422653198242188,3.071255922317505,2.987447500228882,2.9315733909606934,2.8627657890319824,2.7941293716430664,2.7393972873687744,2.685082197189331,2.6463046073913574,2.6019480228424072,2.5684003829956055,2.5257856845855713,2.491239309310913,2.4698450565338135,2.4457576274871826,2.411613941192627,2.392042398452759,2.3570380210876465,2.3447940349578857,2.3291103839874268,2.3157122135162354,2.2827093601226807,2.2579407691955566,2.2422170639038086,2.226922035217285,2.2074267864227295,2.1937687397003174,2.175046682357788,2.1687543392181396,2.1433286666870117,2.1269352436065674,2.1226892471313477,2.1074411869049072,2.0910274982452393,2.079270124435425,2.076099157333374,2.052398681640625,2.044965982437134,2.0415375232696533,2.024266004562378,2.014347791671753,2.0047359466552734,1.995448350906372,1.9863141775131226,1.9797159433364868,1.9696228504180908]],"acc_train":[[84.85684204101562,92.06713104248047,94.4746322631836,95.68009185791016,96.40506744384766,96.8911361694336,97.24093627929688,97.50557708740234,97.71310424804688,97.88101196289062,98.0199966430664,98.13703918457031,98.23715209960938,98.32394409179688,98.39994049072266,98.46710968017578,98.52698516845703,98.58070373535156,98.62913513183594,98.67312622070312,98.71308135986328,98.74971771240234,98.78329467773438,98.81415557861328,98.8427963256836,98.86933898925781,98.89399719238281,98.91707611083984,98.9385986328125,98.95887756347656,98.977783203125,98.9955825805664,99.01233673095703,99.0282974243164,99.04347229003906,99.0578384399414,99.07145690917969,99.08438110351562,99.0966796875,99.10843658447266,99.11959075927734,99.13034057617188,99.14057922363281,99.15036010742188,99.15974426269531,99.16878509521484,99.17743682861328,99.18573760986328,99.19377136230469,99.20149230957031,99.20890808105469,99.21609497070312,99.22303771972656,99.22974395751953,99.23627471923828,99.24256134033203,99.24864196777344,99.25448608398438]],"acc_valid":[[99.29684448242188,99.30255889892578,99.3045425415039,99.30553436279297,99.30611419677734,99.30648803710938,99.30675506591797,99.30695343017578,99.30709838867188,99.30724334716797,99.30736541748047,99.30746459960938,99.30754089355469,99.30760955810547,99.30765533447266,99.30770111083984,99.3077392578125,99.3077621459961,99.30778503417969,99.30780792236328,99.30782318115234,99.30784606933594,99.307861328125,99.3078842163086,99.30789184570312,99.30789184570312,99.3078842163086,99.30789184570312,99.30790710449219,99.30791473388672,99.30792236328125,99.30792999267578,99.30794525146484,99.3079605102539,99.30797576904297,99.30799102783203,99.3080062866211,99.30802917480469,99.30804443359375,99.30805206298828,99.30807495117188,99.3080825805664,99.30809783935547,99.30811309814453,99.3081283569336,99.30813598632812,99.30815124511719,99.30815887451172,99.30816650390625,99.30818176269531,99.30818939208984,99.30819702148438,99.3082046508789,99.30821990966797,99.30821990966797,99.3082275390625,99.30823516845703,99.30823516845703]],"best":99.30823516845703,"time":[[2.9,2.68,2.7,2.71,2.74,2.71,2.73,2.91,3.01,3.23,3.19,3.24,3.21,3.15,3.25,3.32,3.51,3.16,3.21,3.09,3.14,3.31,3.26,3.26,3.23,3.3,3.37,3.36,3.51,3.16,3.23,3.11,3.47,3.13,3.19,3.15,3.17,3.15,3.16,3.04,3.17,3.54,3.03,3.17,3.41,3.05,3.05,3.22,3.24,3.53,3.14,3.25,3.24,3.11,3.12,2.92,2.68,2.68]],"date":"16_06_2021__16_03_14"}