{"model":"MgNet_0_yuv","specific_weights":"synthetic_real_yuv","epochs":[[1,2,3,4,5,6,7,8,9,10,11,12,13,14,15,16,17,18,19,20,21,22,23,24,25,26,27,28,29,30,31,32,33,34,35,36,37,38,39,40,41,42,43,44,45,46,47,48,49,50,51,52,53,54,55,56,57,58,59,60,61,62,63,64,65,66,67,68,69,70,71,72,73,74,75,76,77,78,79,80,81,82,83,84,85,86,87,88,89,90,91,92,93,94,95,96,97,98,99,100]],"saved":[[100]],"loss":[[29.772342681884766,6.0335588455200195,5.447709560394287,4.814007759094238,4.310804843902588,3.9996373653411865,3.813668966293335,3.654496192932129,3.5173146724700928,3.410623788833618,3.3195595741271973,3.240115165710449,3.171447277069092,3.113656520843506,3.0649774074554443,3.01962947845459,2.9746737480163574,2.930311441421509,2.894188404083252,2.858266830444336,2.8200175762176514,2.797140121459961,2.759779214859009,2.7332615852355957,2.7147598266601562,2.690181016921997,2.6698689460754395,2.6406869888305664,2.621253490447998,2.612687349319458,2.5999135971069336,2.582817554473877,2.5682308673858643,2.556177854537964,2.538499116897583,2.523858070373535,2.5150046348571777,2.499920606613159,2.4853649139404297,2.4780008792877197,2.4696335792541504,2.459561824798584,2.446596622467041,2.4365100860595703,2.434206485748291,2.415832281112671,2.401324510574341,2.3907854557037354,2.3770389556884766,2.360905408859253,2.3486328125,2.3380606174468994,2.3205597400665283,2.303748369216919,2.271491765975952,2.250156879425049,2.240999937057495,2.2263402938842773,2.2055935859680176,2.189284086227417,2.179877519607544,2.160604476928711,2.1505229473114014,2.1358773708343506,2.1240901947021484,2.1194188594818115,2.105161190032959,2.0828700065612793,2.0676558017730713,2.0605006217956543,2.045441150665283,2.0324580669403076,2.01937198638916,2.0126779079437256,1.9945374727249146,1.9872605800628662,1.9805493354797363,1.9755114316940308,1.9699116945266724,1.9597545862197876,1.955936074256897,1.950109839439392,1.9435209035873413,1.944563627243042,1.944010853767395,1.9353208541870117,1.9236825704574585,1.9353907108306885,1.9221055507659912,1.9141923189163208,1.9132463932037354,1.9087642431259155,1.89908766746521,1.8932468891143799,1.8891948461532593,1.8805830478668213,1.8817529678344727,1.8711165189743042,1.877817988395691,1.8623677492141724]],"acc_train":[[95.06741333007812,97.17086791992188,97.87228393554688,98.22364807128906,98.43885040283203,98.58722686767578,98.69535064697266,98.77809143066406,98.84361267089844,98.8965835571289,98.9406967163086,98.97795104980469,99.00997161865234,99.03793334960938,99.06253051757812,99.08443450927734,99.10397338867188,99.12167358398438,99.1377182006836,99.15231323242188,99.16568756103516,99.1779556274414,99.1893081665039,99.19974517822266,99.20947265625,99.21859741210938,99.22715759277344,99.2352066040039,99.24275207519531,99.24980163574219,99.25654602050781,99.26287841796875,99.26890563964844,99.27458953857422,99.27999114990234,99.28515625,99.29008483886719,99.29476165771484,99.2992935180664,99.30363464355469,99.3078384399414,99.31193542480469,99.31584930419922,99.31966400146484,99.32334899902344,99.32691192626953,99.33042907714844,99.33380126953125,99.33711242675781,99.3404312133789,99.34371185302734,99.34696197509766,99.35020446777344,99.35343170166016,99.35669708251953,99.3599853515625,99.3631820678711,99.36625671386719,99.36930847167969,99.37234497070312,99.37532043457031,99.37824249267578,99.38106536865234,99.38388061523438,99.38666534423828,99.3894271850586,99.39215087890625,99.39485168457031,99.3974838256836,99.40003204345703,99.40257263183594,99.40506744384766,99.40753936767578,99.4099349975586,99.41229248046875,99.41461181640625,99.41685485839844,99.41903686523438,99.42121887207031,99.42334747314453,99.4254379272461,99.42745208740234,99.429443359375,99.43143463134766,99.43334197998047,99.4351806640625,99.43701934814453,99.43878936767578,99.44058990478516,99.4423599243164,99.44402313232422,99.44568634033203,99.44734191894531,99.448974609375,99.45056915283203,99.45214080810547,99.45368957519531,99.45521545410156,99.45671081542969,99.45816802978516]],"acc_valid":[[99.21560668945312,99.26166534423828,99.27694702148438,99.2636489868164,99.25889587402344,98.37983703613281,84.50238800048828,74.07192993164062,65.93964385986328,59.431976318359375,54.705345153808594,56.40577697753906,59.26835632324219,61.83491897583008,64.04073333740234,66.12620544433594,68.06929779052734,69.80420684814453,71.35694885253906,72.75445556640625,74.01892852783203,75.16845703125,76.218017578125,77.18013763427734,78.06527709960938,78.88233184814453,79.63885498046875,80.34135437011719,80.99539947509766,81.60584259033203,82.1769027709961,82.71226501464844,83.2151870727539,83.68852996826172,84.13481903076172,84.55631256103516,84.95502471923828,85.33274841308594,85.69110870361328,86.03154754638672,86.35537719726562,86.66378784179688,86.95785522460938,87.23855590820312,87.50678253173828,87.76334381103516,88.00898742675781,88.24440002441406,88.47019958496094,88.68696594238281,88.8952407836914,89.09549713134766,89.28820037841797,89.47376251220703,89.65258026123047,89.82501220703125,89.99139404296875,90.15203094482422,90.3072280883789,90.4572525024414,90.60235595703125,90.74278259277344,90.87874603271484,91.01045989990234,91.13813018798828,91.26192474365234,91.38202667236328,91.49859619140625,91.61177825927734,91.72173309326172,91.8285903930664,91.93247985839844,92.03352355957031,92.13184356689453,92.2275161743164,92.32066345214844,92.4113998413086,92.49979400634766,92.5859603881836,92.66997528076172,92.75189208984375,92.83181762695312,92.90980529785156,92.98594665527344,93.06029510498047,93.13290405273438,93.20384979248047,93.27315521240234,93.3409194946289,93.40718841552734,93.47200775146484,93.5354232788086,93.59747314453125,93.65821838378906,93.7176742553711,93.7759017944336,93.83292388916016,93.88877868652344,93.9435043334961,93.99714660644531]],"best":99.27694702148438,"time":[[2.05,1.89,1.92,1.89,1.89,1.89,1.89,1.89,1.89,1.89,1.91,1.89,1.9,1.9,1.93,1.93,1.93,1.94,1.94,1.92,1.94,1.92,1.94,1.92,1.93,1.92,1.92,1.93,1.91,1.91,1.91,1.96,1.93,1.93,1.96,1.96,1.93,1.93,1.93,1.93,1.93,1.92,1.93,1.91,1.96,1.93,1.93,1.93,1.93,1.93,1.91,1.92,1.97,1.98,1.98,1.96,1.97,1.92,1.97,1.97,1.96,1.94,1.94,1.94,1.94,1.92,1.92,1.97,1.94,1.94,1.94,1.94,1.94,1.94,1.94,1.94,1.94,1.92,1.91,1.91,1.91,1.93,1.93,1.93,1.94,1.94,1.94,1.92,1.92,1.94,1.94,1.94,1.94,1.94,1.94,1.94,1.97,1.97,1.92,1.97]],"date":"14_06_2021__21_38_25"}