{"model":"Net_2_cls_yuv","specific_weights":"synthetic_real_cls_yuv","epochs":[[1,2,3,4,5,6,7,8,9,10,11,12,13,14,15,16,17,18,19,20,21,22,23,24,25,26,27,28,29,30,31,32,33,34,35,36,37,38,39,40,41,42,43,44,45,46,47,48,49,50,51,52,53,54,55,56,57,58,59,60,61,62,63,64,65,66,67,68,69,70,71,72,73,74,75,76,77,78,79,80,81,82,83,84,85,86,87,88,89,90,91,92,93,94,95,96,97,98,99,100]],"saved":[[56,57,60,61,62,63,64,65,66,67,68,69,70,71,72,73,74,75,76,77,78,79,80,81,82,83,84,85,86,87,88,89,90,91,92,93,94,95,96,97,98,99,100]],"loss":[[193.97610473632812,86.94038391113281,23.157007217407227,5.659654140472412,3.070934772491455,2.536831855773926,2.1268560886383057,1.8977967500686646,1.6859334707260132,1.5262781381607056,1.4649022817611694,1.344476342201233,1.2631375789642334,1.1853368282318115,1.109439730644226,1.0504647493362427,0.9811052083969116,0.9269446134567261,0.8936488628387451,0.8423046469688416,0.8234961628913879,0.7629284262657166,0.7428531646728516,0.6980379223823547,0.6772297024726868,0.6561800241470337,0.6364999413490295,0.6091209053993225,0.5765966773033142,0.5763629078865051,0.5639442205429077,0.5314937829971313,0.5325689315795898,0.5133592486381531,0.502770185470581,0.48350492119789124,0.4870661497116089,0.46703827381134033,0.4824998378753662,0.44312337040901184,0.4393532872200012,0.44554099440574646,0.4176238179206848,0.4150509536266327,0.4135146141052246,0.4024561643600464,0.3920421302318573,0.3916957974433899,0.3878953158855438,0.38018980622291565,0.38507091999053955,0.363554447889328,0.3602469861507416,0.3639778792858124,0.3471387028694153,0.3509870171546936,0.35443443059921265,0.3472459614276886,0.3381825387477875,0.3447019159793854,0.3298346996307373,0.3235188126564026,0.3329821825027466,0.3212299942970276,0.3160068392753601,0.3249921202659607,0.31294918060302734,0.3127739429473877,0.30718889832496643,0.31580570340156555,0.2996786832809448,0.3008333444595337,0.2945626378059387,0.297476589679718,0.2861272692680359,0.29525116086006165,0.2844575345516205,0.2896401286125183,0.2873518764972687,0.27647432684898376,0.2845759093761444,0.28181686997413635,0.27927684783935547,0.2752431035041809,0.2759583592414856,0.2661213278770447,0.268996924161911,0.2699785530567169,0.27041885256767273,0.2630620300769806,0.2641793191432953,0.2640574872493744,0.25702038407325745,0.27213913202285767,0.2537657916545868,0.26169341802597046,0.253612220287323,0.2578403353691101,0.2505705654621124,0.27810728549957275]],"acc_train":[[62.390262603759766,80.6516342163086,86.8851089477539,90.014892578125,91.90087890625,93.16593933105469,94.07881164550781,94.76985168457031,95.31082153320312,95.74626922607422,96.10324096679688,96.40290832519531,96.65789794921875,96.8775634765625,97.06900787353516,97.23738861083984,97.38671112060547,97.52005767822266,97.63984680175781,97.7481460571289,97.84635162353516,97.93633270263672,98.01864624023438,98.09454345703125,98.16454315185547,98.2293930053711,98.28948211669922,98.3454818725586,98.39786529541016,98.44672393798828,98.4925308227539,98.53565216064453,98.576171875,98.61446380615234,98.65058135986328,98.6849136352539,98.71726989746094,98.748046875,98.77713012695312,98.80498504638672,98.83148193359375,98.85677337646484,98.88092041015625,98.9040298461914,98.92609405517578,98.94729614257812,98.96764373779297,98.98710632324219,99.00582885742188,99.02381896972656,99.04108428955078,99.05778503417969,99.07384490966797,99.08932495117188,99.10429382324219,99.11869049072266,99.13260650634766,99.1460189819336,99.1590347290039,99.17158508300781,99.18376922607422,99.1955795288086,99.2070083618164,99.21807861328125,99.22883605957031,99.23926544189453,99.2491455078125,99.25869750976562,99.26799774169922,99.27704620361328,99.2858657836914,99.29443359375,99.30277252197266,99.31085968017578,99.31873321533203,99.32646942138672,99.33402252197266,99.34137725830078,99.34857177734375,99.35558319091797,99.3624267578125,99.36911010742188,99.37560272216797,99.38201141357422,99.38824462890625,99.39431762695312,99.40026092529297,99.40608978271484,99.41179656982422,99.41734313964844,99.42277526855469,99.4281234741211,99.43335723876953,99.43846130371094,99.44345092773438,99.44833374023438,99.45315551757812,99.4578628540039,99.46249389648438,99.46704864501953]],"acc_valid":[[99.29718017578125,99.31298828125,99.33627319335938,99.35594940185547,99.38218688964844,99.4080581665039,99.4393539428711,99.46843719482422,99.49189758300781,99.51048278808594,99.52808380126953,99.54603576660156,99.5603256225586,99.5757064819336,99.5881576538086,99.59884643554688,99.60969543457031,99.61661529541016,99.62470245361328,99.63204956054688,99.63917541503906,99.64557647705078,99.6520767211914,99.65861511230469,99.66461944580078,99.66859436035156,99.67398071289062,99.67930603027344,99.68415832519531,99.68760681152344,99.69120788574219,99.69548034667969,99.6989517211914,99.7026138305664,99.70598602294922,99.70934295654297,99.71195220947266,99.71493530273438,99.71792602539062,99.72074890136719,99.7234878540039,99.72552490234375,99.72814178466797,99.73020935058594,99.73153686523438,99.7336654663086,99.73546600341797,99.73725891113281,99.7392578125,99.74120330810547,99.74295806884766,99.74459075927734,99.74578094482422,99.74737548828125,99.74897766113281,99.7504653930664,99.75162506103516,99.75009155273438,99.75116729736328,99.75235748291016,99.75358581542969,99.75407409667969,99.75462341308594,99.75587463378906,99.75614929199219,99.7571792602539,99.75826263427734,99.75856018066406,99.75948333740234,99.76026153564453,99.76119232177734,99.76227569580078,99.76317596435547,99.76372528076172,99.76461791992188,99.76551818847656,99.7656021118164,99.76648712158203,99.76708984375,99.76789093017578,99.76848602294922,99.76935577392578,99.76981353759766,99.77059936523438,99.77074432373047,99.77140808105469,99.77203369140625,99.77259063720703,99.77314758300781,99.77367401123047,99.7741470336914,99.77452850341797,99.77517700195312,99.7756118774414,99.77611541748047,99.7766342163086,99.77688598632812,99.77751159667969,99.7780532836914,99.77864074707031]],"best":99.77864074707031,"time":[[1.03,0.88,0.85,0.83,0.83,0.85,0.87,0.87,0.87,0.86,0.86,0.86,0.86,0.87,0.87,0.86,0.86,0.86,0.86,0.86,0.86,0.86,0.86,0.86,0.86,0.87,0.87,0.87,0.86,0.86,0.87,0.87,0.87,0.86,0.86,0.86,0.87,0.87,0.87,0.86,0.86,0.86,0.87,0.87,0.86,0.86,0.86,0.87,0.87,0.86,0.86,0.86,0.86,0.86,0.86,0.86,0.86,0.87,0.87,0.87,0.87,0.87,0.86,0.86,0.86,0.86,0.87,0.86,0.86,0.86,0.84,0.85,0.84,0.85,0.84,0.85,0.84,0.84,0.85,0.85,0.84,0.85,0.85,0.84,0.84,0.85,0.85,0.85,0.85,0.85,0.85,0.85,0.85,0.85,0.85,0.85,0.85,0.85,0.85,0.85]],"date":"02_07_2021__19_14_55"}